solver,time (seconds),memory_usage (MB),peak_memory_usage (MB),status,num_vars,num_clauses,satisfied_clauses,satisfaction_ratio,solved,time_budget,threads_used,cnf_file,satisfied_clauses_mean,satisfied_clauses_stdev,time (seconds)__median,time (seconds)__stdev,memory_usage (MB)__median,memory_usage (MB)__stdev,peak_memory_usage (MB)__median,peak_memory_usage (MB)__stdev,satisfaction_ratio__median,satisfaction_ratio__stdev,repetitions
CP-SAT-MAXSAT,1.0172632080037147,246.3125,561.065625,FEASIBLE,1000,22250,22213,0.9983370786516854,False,1.0,4,vlsat2_1000_22250_4.cnf,22213.0,0.0,1.0168985000054818,0.0014143663246761,244.109375,5.201024820137614,559.34375,4.993555417047557,0.9983370786516854,0.0,5
Gurobi-MAXSAT,0.8929557581956032,197.221875,450.071875,OPTIMAL,1000,22250,22250,1.0,True,1.0,4,vlsat2_1000_22250_4.cnf,22250.0,0.0,0.8925720000115689,0.0020419893974753,193.640625,9.494154245837278,446.578125,9.345713370226882,1.0,0.0,5
CP-SAT-MAXSAT,1.0125104581937194,227.434375,513.340625,FEASIBLE,1022,14955,14953,0.9998796389167502,False,1.0,4,vlsat2_1022_14955_3.cnf,14953.2,0.4472135954999579,1.0112548749893904,0.0032426878786141,226.078125,5.376980013213737,512.609375,4.5346350502617625,0.9998662654630558,2.9903951554695385e-05,5
Gurobi-MAXSAT,1.006475908192806,191.30625,444.059375,FEASIBLE,1022,14955,14953,0.9998662654630558,False,1.0,4,vlsat2_1022_14955_3.cnf,14953.0,0.0,1.0062926659884397,0.0010979386456671,191.1875,9.415132848903408,443.78125,9.281476217781846,0.9998662654630558,0.0,5
CP-SAT-MAXSAT,1.8487291918019764,1912.775,2668.26875,UNKNOWN,11130,1186888,831125,0.7510214948672495,False,1.0,4,vlsat2_11130_1186888.cnf,891378.4,165967.5653231679,1.8310863329970744,0.0380047015820681,1932.984375,45.8940956722989,2686.921875,42.12335314149163,0.7002556264786568,0.1398342264166188,5
Gurobi-MAXSAT,1.2630101165967065,1403.5625,1899.928125,FEASIBLE,11130,1186888,1186570,0.9997320724449148,False,1.0,4,vlsat2_11130_1186888.cnf,1186570.0,0.0,1.2540347499889322,0.0183698994802277,1404.78125,4.051472412708434,1902.546875,4.933574883673349,0.9997320724449148,0.0,5
CP-SAT-MAXSAT,1.0124290500010829,215.615625,507.559375,FEASIBLE,1125,15795,15794,0.9999366888255776,False,1.0,4,vlsat2_1125_15795_3.cnf,15794.0,0.0,1.0123992919980085,0.0003754811593547,215.65625,3.9600760281132863,508.875,3.9296238190665274,0.9999366888255776,0.0,5
Gurobi-MAXSAT,0.4878048499987926,151.8,404.621875,OPTIMAL,1125,15795,15794,0.9999366888255776,False,1.0,4,vlsat2_1125_15795_3.cnf,15794.0,0.0,0.4866353330144193,0.0025124289164706,149.359375,8.974521770859159,401.625,9.047936843988936,0.9999366888255776,0.0,5
CP-SAT-MAXSAT,7.822611425002106,5280.44375,6751.003125,UNKNOWN,11280,4223777,2737022,0.7026106728645949,False,1.0,4,vlsat2_11280_4223777.cnf,2967670.8,536146.1376012141,7.6759297079988755,0.3045366054971851,5530.234375,1036.368110305693,6974.203125,660.4815436904078,0.6480034338934086,0.1269352377270897,5
Gurobi-MAXSAT,2.2938892999954987,3441.609375,4719.346875,FEASIBLE,11280,4223777,4223025,0.9998219602976198,False,1.0,4,vlsat2_11280_4223777.cnf,4223025.0,0.0,2.239914499979932,0.1103042573631165,3510.859375,328.376149605727,4784.21875,170.43558460889722,0.9998219602976198,0.0,5
CP-SAT-MAXSAT,1.0205124834028538,270.61875,593.35625,FEASIBLE,1134,26703,26686,0.9993633674119012,False,1.0,4,vlsat2_1134_26703_4.cnf,26686.0,0.0,1.020407250005519,0.001560473478832,269.734375,2.785867830732912,594.359375,5.706724035622364,0.9993633674119012,0.0,5
Gurobi-MAXSAT,1.0069777331955263,237.24375,471.090625,FEASIBLE,1134,26703,26697,0.9997753061453768,False,1.0,4,vlsat2_1134_26703_4.cnf,26697.0,0.0,1.0072604159940963,0.0007111099691085,253.21875,22.796279550139865,463.625,16.88323511444674,0.9997753061453768,0.0,5
CP-SAT-MAXSAT,1.8164633668086023,1883.9125,2625.821875,UNKNOWN,11374,1150943,852366,0.7058014167513074,False,1.0,4,vlsat2_11374_1150943.cnf,812337.2,185276.90368661712,1.8154289170051925,0.0160009220862381,1884.40625,2.303630583923451,2626.015625,2.3117238984819317,0.740580550035927,0.1609783487858365,5
Gurobi-MAXSAT,1.2577418081928045,1341.3,1862.0125,FEASIBLE,11374,1150943,1150701,0.9997897376325326,False,1.0,4,vlsat2_11374_1150943.cnf,1150701.0,0.0,1.2612194169778377,0.017904827065847,1342.15625,2.7178383888326585,1861.140625,2.4244794463838004,0.9997897376325326,0.0,5
CP-SAT-MAXSAT,1.0783655251958408,249.88125,502.48125,UNKNOWN,1155,42917,41648,0.9172355942866464,False,1.0,4,vlsat2_1155_42917_4.cnf,39365.0,4486.564108535617,1.0782612089824395,0.0004410062480287,249.078125,1.926620158301838,502.96875,3.962461183760984,0.9704312976209892,0.1045404876514113,5
Gurobi-MAXSAT,1.0112442833953537,391.921875,635.290625,FEASIBLE,1155,42917,42879,0.9991145699839225,False,1.0,4,vlsat2_1155_42917_4.cnf,42879.0,0.0,1.0105574170011096,0.0017956900166892,368.53125,32.40763429721749,618.125,25.822099739582324,0.9991145699839225,0.0,5
CP-SAT-MAXSAT,13.20948461680091,3640.703125,6084.65625,UNKNOWN,11664,5532624,3575199,0.7511585099583851,False,1.0,4,vlsat2_11664_5532624.cnf,4155877.6,969796.2185455768,12.858890917006647,1.002380352243721,3679.875,212.98982751759897,6258.03125,678.0218063943734,0.6462031397759905,0.1752868473522829,5
Gurobi-MAXSAT,2.229661341389874,3502.0875,5533.671875,FEASIBLE,11664,5532624,5531652,0.9998243148278284,False,1.0,4,vlsat2_11664_5532624.cnf,5531652.0,0.0,2.2119856659846846,0.0818353942338751,3366.90625,733.7959297406236,5474.265625,205.04484878837712,0.9998243148278284,0.0,5
CP-SAT-MAXSAT,1.0105233167938423,158.625,438.975,UNKNOWN,1183,26975,21177,0.750294717330862,False,1.0,4,vlsat2_1183_26975_3.cnf,20239.2,5789.858089798056,1.0105058749904856,0.0007802621266399,153.890625,10.08083781317927,434.359375,9.56755763921428,0.7850602409638554,0.2146379273326434,5
Gurobi-MAXSAT,1.0063761331955905,279.6,523.928125,FEASIBLE,1183,26975,26971,0.9998517145505096,False,1.0,4,vlsat2_1183_26975_3.cnf,26971.0,0.0,1.0061077919963282,0.0005128985069918,269.15625,26.824165221750143,515.328125,26.2986820717491,0.9998517145505096,0.0,5
CP-SAT-MAXSAT,1.0231796249980107,303.115625,632.325,FEASIBLE,1209,29889,15753,0.527050085315668,False,1.0,4,vlsat2_1209_29889_3.cnf,15753.0,0.0,1.0235544579918496,0.0018859967476545,305.28125,21.623548090710045,626.703125,12.957597802845733,0.527050085315668,0.0,5
Gurobi-MAXSAT,1.0070617000048514,268.796875,523.040625,FEASIBLE,1209,29889,29878,0.9996319716283584,False,1.0,4,vlsat2_1209_29889_3.cnf,29878.0,0.0,1.0068921250058338,0.0006649644398905,267.109375,7.540863612573662,521.78125,7.0849908063851785,0.9996319716283584,0.0,5
CP-SAT-MAXSAT,2.3011966500023844,2510.228125,3362.809375,UNKNOWN,12690,1481522,888321,0.6337797211246272,False,1.0,4,vlsat2_12690_1481522.cnf,938958.6,376455.2386742679,2.299163874995429,0.0222066595793798,2510.328125,2.8005954654211487,3363.0,2.9780774524011293,0.5996002759324532,0.2541003364609286,5
Gurobi-MAXSAT,1.3022431084071286,1722.021875,2273.21875,FEASIBLE,12690,1481522,1481252,0.9998177549844012,False,1.0,4,vlsat2_12690_1481522.cnf,1481252.0,0.0,1.3047580830170773,0.0065006360033697,1721.171875,2.39523146878595,2271.59375,2.764852469787041,0.9998177549844012,0.0,5
CP-SAT-MAXSAT,1.0671766916057095,204.1625,465.296875,UNKNOWN,1326,35956,35325,0.8440204694626766,False,1.0,4,vlsat2_1326_35956_3.cnf,30347.6,8127.938563990257,1.0679345410317185,0.0020120700079062,216.625,17.337641801646136,465.734375,2.2245742219018,0.9824507731672044,0.2260523574365963,5
Gurobi-MAXSAT,1.009383725002408,346.11875,595.115625,FEASIBLE,1326,35956,35948,0.9997775058404716,False,1.0,4,vlsat2_1326_35956_3.cnf,35948.0,0.0,1.0090238330303691,0.0013601537137405,341.140625,20.92434463112734,593.515625,16.581131177721637,0.9997775058404716,0.0,5
CP-SAT-MAXSAT,0.6577339000068605,192.578125,444.465625,UNKNOWN,1352,42432,34875,0.7784125188536953,False,1.0,4,vlsat2_1352_42432_3.cnf,33029.6,12805.95144063884,0.6565583749907091,0.002338348810075,193.09375,2.96694023785448,445.046875,5.138789090857155,0.8219032805429864,0.3017993834992185,5
Gurobi-MAXSAT,1.018656033393927,385.415625,636.915625,FEASIBLE,1352,42432,42422,0.9997643288084463,False,1.0,4,vlsat2_1352_42432_3.cnf,42422.0,0.0,1.0203380419989116,0.0035926701611723,383.421875,7.1447317922237294,637.515625,5.995314739705081,0.9997643288084463,0.0,5
CP-SAT-MAXSAT,2.136527891596779,2277.234375,3073.625,UNKNOWN,14016,1374747,768399,0.6253747053094133,False,1.0,4,vlsat2_14016_1374747.cnf,859732.0,219024.090803957,2.137910582998302,0.0231535529433448,2280.09375,5.4393854489730735,3074.0,2.131968124981586,0.5589384810441484,0.1593195626569521,5
Gurobi-MAXSAT,1.287886266596615,1595.91875,2161.0875,FEASIBLE,14016,1374747,1374528,0.9998406979611522,False,1.0,4,vlsat2_14016_1374747.cnf,1374528.0,0.0,1.2872034999891184,0.001742911668423,1595.734375,0.7285674621303095,2160.765625,0.9766937411811852,0.9998406979611522,0.0,5
CP-SAT-MAXSAT,18.296284800197466,3823.325,6822.26875,UNKNOWN,14280,6781327,4658124,0.678497379642657,False,1.0,4,vlsat2_14280_6781327.cnf,4601112.6,1198275.2306862976,18.11105850001331,1.924607711769457,3826.296875,344.274009941062,6657.0,1018.1015382142676,0.6869044952411232,0.1767021750589962,5
Gurobi-MAXSAT,2.6563970084069295,3929.1875,6203.471875,FEASIBLE,14280,6781327,6780375,0.9998596144972806,False,1.0,4,vlsat2_14280_6781327.cnf,6780375.0,0.0,2.640028124966193,0.0541489918554494,3749.578125,390.1464939521616,6227.015625,172.96498817329783,0.9998596144972806,0.0,5
CP-SAT-MAXSAT,22.029633183195255,4587.996875,7103.375,UNKNOWN,14424,7585190,5891731,0.6969657187229324,False,1.0,4,vlsat2_14424_7585190.cnf,5286617.4,1396131.020010407,22.702759374980815,3.21283128914692,4706.75,221.9546496559742,7242.59375,716.3128470498298,0.7767413868340807,0.1840601250608629,5
Gurobi-MAXSAT,3.212210549786687,5115.91875,7383.05625,FEASIBLE,14424,7585190,7583988,0.9998415333037142,False,1.0,4,vlsat2_14424_7585190.cnf,7583988.0,0.0,3.218105915992055,0.1010848405292446,5184.59375,808.0289591065922,7375.515625,319.40673567251014,0.9998415333037142,0.0,5
CP-SAT-MAXSAT,2.758863442018628,3280.096875,3919.609375,UNKNOWN,14637,1778453,1054069,0.7030088509507982,False,1.0,4,vlsat2_14637_1778453.cnf,1250268.2,325436.2755405427,2.765887624991592,0.0214761957510389,3280.296875,1.5172912876446962,3918.90625,2.2978579954356406,0.5926887019224011,0.1829884037084717,5
Gurobi-MAXSAT,1.555880991590675,2078.55625,2665.69375,FEASIBLE,14637,1778453,1778166,0.9998386237927008,False,1.0,4,vlsat2_14637_1778453.cnf,1778166.0,0.0,1.5568985419813544,0.0124000857805173,2073.0625,8.205569576227632,2660.859375,8.216318259548343,0.9998386237927008,0.0,5
CP-SAT-MAXSAT,2.0267688248073683,2153.71875,2959.284375,UNKNOWN,14640,1323246,944137,0.62945045743573,False,1.0,4,vlsat2_14640_1323246.cnf,832917.8,205170.85577318235,2.021965750027448,0.0333226949656743,2154.65625,1.7981313542640591,2958.921875,1.5571941162311782,0.7135007398473149,0.1550511815438568,5
Gurobi-MAXSAT,1.2986119082197547,1550.075,2071.80625,FEASIBLE,14640,1323246,1322880,0.9997234074389796,False,1.0,4,vlsat2_14640_1323246.cnf,1322880.0,0.0,1.288005875016097,0.0248603590569849,1548.65625,4.432964231188878,2069.65625,4.686674406462166,0.9997234074389796,0.0,5
CP-SAT-MAXSAT,3.2385340916109273,3024.703125,3927.784375,UNKNOWN,15249,1937993,1330023,0.7506925979608802,False,1.0,4,vlsat2_15249_1937993.cnf,1454837.0,316996.3239542377,3.2248589170048945,0.031918542388684,3037.296875,374.7569839203405,3908.875,146.80458933961117,0.6862888565644973,0.1635693854179234,5
Gurobi-MAXSAT,1.4888085750048048,2188.8625,2798.846875,FEASIBLE,15249,1937993,1937694,0.9998457166769952,False,1.0,4,vlsat2_15249_1937993.cnf,1937694.0,0.0,1.4860055000171997,0.024551751451583,2188.828125,0.4156661163872995,2799.03125,1.0275976991264626,0.9998457166769952,0.0,5
CP-SAT-MAXSAT,2.243389283400029,2260.86875,3092.91875,UNKNOWN,15440,1409906,1130045,0.7747600194622903,False,1.0,4,vlsat2_15440_1409906.cnf,1092338.8,154376.33187668375,2.245363665977493,0.0246325093816751,2276.34375,40.80257853419392,3111.65625,49.108141340295475,0.8015037881958088,0.1094940598002162,5
Gurobi-MAXSAT,1.2909933079965412,1650.88125,2189.053125,FEASIBLE,15440,1409906,1409520,0.999726222882944,False,1.0,4,vlsat2_15440_1409906.cnf,1409520.0,0.0,1.2885545000317506,0.0098487515097523,1651.6875,4.189446842215569,2190.703125,4.071873201265912,0.999726222882944,0.0,5
CP-SAT-MAXSAT,0.94786905819783,265.98125,513.0375,UNKNOWN,1560,54564,44819,0.812235173374386,False,1.0,4,vlsat2_1560_54564_3.cnf,44318.8,6509.198583543139,0.9463620830210856,0.0373469116038791,264.671875,6.068943901382266,511.828125,6.462931410890494,0.8214023898541163,0.1192947471509262,5
Gurobi-MAXSAT,1.0162322498159484,423.034375,679.278125,FEASIBLE,1560,54564,54541,0.999578476651272,False,1.0,4,vlsat2_1560_54564_3.cnf,54541.0,0.0,1.012750500056427,0.0059580671008404,424.03125,3.1090098717779107,678.40625,3.674706355190166,0.999578476651272,0.0,5
CP-SAT-MAXSAT,2.9016709497780537,2830.65625,3605.7,UNKNOWN,15704,1804650,1320093,0.6747757182833236,False,1.0,4,vlsat2_15704_1804650.cnf,1217734.0,420440.00376688706,2.9170206660055555,0.0415962117463806,2768.671875,228.6186082049712,3607.15625,166.7032276630577,0.7314953037985205,0.2329759253965517,5
Gurobi-MAXSAT,1.4103564415941947,2016.44375,2602.53125,FEASIBLE,15704,1804650,1804348,0.9998326545313496,False,1.0,4,vlsat2_15704_1804650.cnf,1804348.0,0.0,1.3933221659972332,0.044632226288544,2015.6875,3.785534762421289,2600.609375,3.4813608038919206,0.9998326545313496,0.0,5
CP-SAT-MAXSAT,0.9477791749988682,276.93125,531.18125,UNKNOWN,1586,57751,33323,0.6648300462329657,False,1.0,4,vlsat2_1586_57751_3.cnf,38394.6,12627.880396171004,0.94796437502373,0.0172188009854307,276.03125,6.896615522418406,532.328125,2.780758383516986,0.5770116534778619,0.218660809270333,5
Gurobi-MAXSAT,1.0178387668100186,424.38125,601.9,FEASIBLE,1586,57751,57719,0.999445897040744,False,1.0,4,vlsat2_1586_57751_3.cnf,57719.0,0.0,1.0173422920051962,0.0029370362840725,418.890625,13.53245700448093,604.265625,28.301472397098884,0.999445897040744,0.0,5
CP-SAT-MAXSAT,2.322109691600781,2210.78125,3114.415625,UNKNOWN,15960,1464039,905113,0.6223779557785004,False,1.0,4,vlsat2_15960_1464039.cnf,911185.6,142851.83158538782,2.3107051249826327,0.0691959740407716,2373.015625,224.72907272520325,3228.84375,211.1779811478453,0.6182301154545746,0.097573788393197,5
Gurobi-MAXSAT,1.31850157501176,1710.8375,2250.81875,FEASIBLE,15960,1464039,1463640,0.9997274662765132,False,1.0,4,vlsat2_15960_1464039.cnf,1463640.0,0.0,1.3243111250340007,0.0129729692976512,1710.90625,4.1987459762931,2250.625,4.057096767355629,0.9997274662765132,0.0,5
CP-SAT-MAXSAT,3.817301933595445,2743.6875,3955.959375,UNKNOWN,16269,2203672,1507295,0.7223013225198669,False,1.0,4,vlsat2_16269_2203672.cnf,1591715.2,169787.06231541908,3.809035665995907,0.0660242102289139,2516.296875,578.3201376751678,3928.609375,413.1464772570642,0.6839924453366926,0.0770473384039998,5
Gurobi-MAXSAT,1.5259991332073697,2436.48125,3096.39375,FEASIBLE,16269,2203672,2203353,0.9998552416149046,False,1.0,4,vlsat2_16269_2203672.cnf,2203353.0,0.0,1.5089633340248838,0.077092626049841,2442.140625,12.825347978953632,3101.3125,12.683104226193995,0.9998552416149046,0.0,5
CP-SAT-MAXSAT,2.437728449795395,2572.003125,3431.66875,UNKNOWN,16297,1562268,1079244,0.7151577066162784,False,1.0,4,vlsat2_16297_1562268.cnf,1117268.0,389222.8833091652,2.4440602909890004,0.0234758989120489,2581.75,21.14649481980554,3440.421875,20.91230527031274,0.690818732765441,0.2491396375712523,5
Gurobi-MAXSAT,1.3422103833872825,1861.715625,2407.29375,FEASIBLE,16297,1562268,1561889,0.9997574039793428,False,1.0,4,vlsat2_16297_1562268.cnf,1561889.0,0.0,1.3480747919529676,0.0187129343771639,1863.765625,4.205787377048143,2409.34375,4.700131418541667,0.9997574039793428,0.0,5
CP-SAT-MAXSAT,2.533320775011089,2357.16875,3203.378125,UNKNOWN,16676,1598591,1136673,0.6843410228132148,False,1.0,4,vlsat2_16676_1598591.cnf,1093981.4,320962.6733458269,2.507023832993582,0.059981838322073,2303.296875,272.66338130896116,3241.703125,307.2168811848739,0.7110467905799545,0.200778481391317,5
Gurobi-MAXSAT,1.3992590330075472,1871.6375,2434.19375,FEASIBLE,16676,1598591,1598212,0.9997629162180944,False,1.0,4,vlsat2_16676_1598591.cnf,1598212.0,0.0,1.397641666000709,0.0077859592575968,1869.34375,5.250132531809316,2433.1875,5.803048010393978,0.9997629162180944,0.0,5
CP-SAT-MAXSAT,31.133222324994858,4299.765625,7438.353125,UNKNOWN,16788,9021307,6220426,0.7219183428742643,False,1.0,4,vlsat2_16788_9021307.cnf,6512647.0,1243177.4929757616,30.830761999997776,3.387919238219252,4447.453125,355.6202712778758,7318.90625,705.8809794182672,0.6895260298757153,0.1378045878469452,5
Gurobi-MAXSAT,3.969850383407902,5041.40625,7959.203125,FEASIBLE,16788,9021307,9019908,0.9998449226924656,False,1.0,4,vlsat2_16788_9021307.cnf,9019908.0,0.0,3.868040125002153,0.1720496694534216,4997.734375,692.9441830834145,8134.96875,763.8405493869092,0.9998449226924656,0.0,5
CP-SAT-MAXSAT,2.670881700201426,2882.996875,3783.4375,UNKNOWN,17688,1741702,1259600,0.7510308881771968,False,1.0,4,vlsat2_17688_1741702.cnf,1308072.0,281361.6775815427,2.6749969579977915,0.0225044881330735,2883.84375,2.8044894602783765,3784.03125,3.303810093333529,0.7232006393745888,0.1615440974297226,5
Gurobi-MAXSAT,1.4834788417909297,2056.096875,2637.53125,FEASIBLE,17688,1741702,1741300,0.999769191285306,False,1.0,4,vlsat2_17688_1741702.cnf,1741300.0,0.0,1.4830420829821378,0.0037928937291874,2056.21875,1.3257515557222628,2637.78125,1.918155699900949,0.999769191285306,0.0,5
CP-SAT-MAXSAT,4.868614100012929,4473.24375,6045.0875,UNKNOWN,18250,2995915,2297258,0.7378474355914637,False,1.0,4,vlsat2_18250_2995915.cnf,2210528.2,654063.8686651328,4.850289250025526,0.0522352525403169,4688.6875,611.7705246887347,6233.09375,395.4684994504837,0.7667967882933928,0.2183185666699932,5
Gurobi-MAXSAT,1.7608702833997083,3299.9,4108.56875,FEASIBLE,18250,2995915,2995550,0.9998781674379948,False,1.0,4,vlsat2_18250_2995915.cnf,2995550.0,0.0,1.763777750020381,0.0093727647357139,3299.65625,1.1690904417270291,4108.921875,2.011672481264035,0.9998781674379948,0.0,5
CP-SAT-MAXSAT,6.219939824810718,4227.646875,6412.8875,UNKNOWN,19565,3665001,2614171,0.6854330462665631,False,1.0,4,vlsat2_19565_3665001.cnf,2512112.8,694951.2075143837,6.153929833031725,0.1527967552306512,3905.71875,801.3395014943875,6316.265625,398.4953723902026,0.7132797508104364,0.1896182859198084,5
Gurobi-MAXSAT,1.8121008831891232,3969.46875,4907.6,FEASIBLE,19565,3665001,3664546,0.999875852694174,False,1.0,4,vlsat2_19565_3665001.cnf,3664546.0,0.0,1.8084905000287108,0.0127668370681692,3966.875,5.768313228319003,4906.28125,3.924249156884983,0.999875852694174,0.0,5
CP-SAT-MAXSAT,3.4247967084054833,3915.1625,4654.9,UNKNOWN,20424,2157568,1580450,0.7544919094091125,False,1.0,4,vlsat2_20424_2157568.cnf,1627867.6,232771.3222602819,3.4387795829679817,0.0609638055982469,3922.8125,18.993222603939873,4658.25,9.15294708985513,0.7325145719625059,0.1078859726600885,5
Gurobi-MAXSAT,1.501542475016322,2400.971875,3054.921875,FEASIBLE,20424,2157568,2157124,0.9997942127432368,False,1.0,4,vlsat2_20424_2157568.cnf,2157124.0,0.0,1.498202500049956,0.0062669545864132,2401.25,2.1945032983712967,3055.703125,1.89194814237534,0.9997942127432368,0.0,5
CP-SAT-MAXSAT,3.732337933219969,4011.9375,4749.359375,UNKNOWN,21114,2240429,1739720,0.7394723064198866,False,1.0,4,vlsat2_21114_2240429.cnf,1656735.2,394660.9996480524,3.6286753750173375,0.2294305205974871,4065.703125,120.19458659798676,4819.125,156.55050906863394,0.7765119983717405,0.1761542095947036,5
Gurobi-MAXSAT,1.5350887252017855,2468.475,3138.459375,FEASIBLE,21114,2240429,2239970,0.9997951285222608,False,1.0,4,vlsat2_21114_2240429.cnf,2239970.0,0.0,1.5593775830348022,0.0478536457953041,2468.484375,4.001992301693308,3138.546875,4.251559341693057,0.9997951285222608,0.0,5
CP-SAT-MAXSAT,4.3608705417951565,4206.74375,5528.309375,UNKNOWN,21190,2597791,1574894,0.6412610560279869,False,1.0,4,vlsat2_21190_2597791.cnf,1665862.2,490603.3719657866,4.300019250018522,0.1549200692656109,4277.578125,119.24369189454268,5632.25,206.30343247265665,0.606243535372938,0.1888540579152775,5
Gurobi-MAXSAT,1.628976333187893,2855.85,3593.453125,FEASIBLE,21190,2597791,2597465,0.9998745087653318,False,1.0,4,vlsat2_21190_2597791.cnf,2597465.0,0.0,1.6743984579807147,0.0651711847964897,2848.65625,30.542452125458713,3586.296875,30.31108445470588,0.9998745087653318,0.0,5
CP-SAT-MAXSAT,4.490365083201323,4077.61875,5569.7625,UNKNOWN,21546,2615351,1572125,0.6694586692187778,False,1.0,4,vlsat2_21546_2615351.cnf,1750869.4,420273.80004325754,4.354756582994014,0.3140451273666651,4240.515625,442.0669076396447,5670.421875,287.5763250843564,0.6011143437343591,0.1606949889491917,5
Gurobi-MAXSAT,1.640279566810932,2905.553125,3646.434375,FEASIBLE,21546,2615351,2615085,0.9998982928104104,False,1.0,4,vlsat2_21546_2615351.cnf,2615085.0,0.0,1.6386945000267588,0.0231700084694783,2905.921875,1.8431076741301633,3646.703125,2.276788230915976,0.9998982928104104,0.0,5
CP-SAT-MAXSAT,3.659317100187763,3620.740625,4897.2875,UNKNOWN,21573,2289124,1537311,0.7327686923032566,False,1.0,4,vlsat2_21573_2289124.cnf,1677398.4,318211.76309306984,3.645165291964077,0.0670390358551718,3643.390625,48.952023557270465,4917.109375,43.32036477115872,0.6715717453488758,0.1390102777713526,5
Gurobi-MAXSAT,1.5152335332124494,2532.896875,3212.734375,FEASIBLE,21573,2289124,2288665,0.9997994866158408,False,1.0,4,vlsat2_21573_2289124.cnf,2288665.0,0.0,1.4915502080111764,0.0553475602131159,2532.75,0.5579897302482367,3212.8125,0.7194290270763336,0.9997994866158408,0.0,5
CP-SAT-MAXSAT,4.990186441421974,4569.20625,6051.35,UNKNOWN,22032,3022731,2211621,0.7213259797183408,False,1.0,4,vlsat2_22032_3022731.cnf,2180374.4,393143.5548839635,5.04138408403378,0.095623649930219,4827.796875,442.2175414099536,6366.78125,510.80102207735786,0.7316631880243396,0.1300623690576381,5
Gurobi-MAXSAT,1.6802673166035675,3317.190625,4134.171875,FEASIBLE,22032,3022731,3022272,0.9998481505631828,False,1.0,4,vlsat2_22032_3022731.cnf,3022272.0,0.0,1.6903396249981597,0.0195857691584355,3317.015625,2.141577114899788,4134.0625,2.483023413791642,0.9998481505631828,0.0,5
CP-SAT-MAXSAT,4.260414200183004,4236.884375,5635.259375,UNKNOWN,23961,2714844,2383601,0.8082250029835969,False,1.0,4,vlsat2_23961_2714844.cnf,2194204.8,494687.5405341234,4.248773416969925,0.0892199532264798,4401.4375,368.0656657469667,5796.171875,361.6735967700517,0.8779882011636765,0.1822158254890975,5
Gurobi-MAXSAT,1.6407695582136512,2956.559375,3718.521875,FEASIBLE,23961,2714844,2714355,0.9998198791532772,False,1.0,4,vlsat2_23961_2714844.cnf,2714355.0,0.0,1.659349583031144,0.081328775117273,2965.734375,50.12369148658334,3726.21875,47.62741263778994,0.9998198791532772,0.0,5
CP-SAT-MAXSAT,4.774291574978269,3219.778125,4816.18125,UNKNOWN,24450,2770239,2057272,0.7215059783650436,False,1.0,4,vlsat2_24450_2770239.cnf,1998744.0,208872.85178667904,4.810917374968994,0.0790605951373098,3044.734375,569.7164071665187,4755.921875,430.7331951456616,0.7426333973350314,0.0753988561227674,5
Gurobi-MAXSAT,1.6506135329953395,2864.671875,3728.275,FEASIBLE,24450,2770239,2769750,0.9998234809343164,False,1.0,4,vlsat2_24450_2770239.cnf,2769750.0,0.0,1.6307698329910636,0.0459064344641337,3027.109375,228.11213416202375,3799.296875,106.4786674231554,0.9998234809343164,0.0,5
CP-SAT-MAXSAT,5.522356908395887,4139.234375,5336.76875,UNKNOWN,26104,3131630,2450531,0.7664121879021468,False,1.0,4,vlsat2_26104_3131630.cnf,2400119.4,503523.095488479,5.532619125035126,0.1242943090039431,3936.734375,470.5276056313092,4996.8125,515.7039792022542,0.7825097473200857,0.1607862664134904,5
Gurobi-MAXSAT,1.7578796252259052,3207.51875,4086.25,FEASIBLE,26104,3131630,3131128,0.9998397000922842,False,1.0,4,vlsat2_26104_3131630.cnf,3131128.0,0.0,1.750714500027243,0.0582933599027934,3413.515625,364.3851913508303,4253.359375,259.3066334974508,0.9998397000922842,0.0,5
CP-SAT-MAXSAT,5.164915766613558,3830.253125,5732.221875,UNKNOWN,26606,3191844,2773000,0.8215438473810124,False,1.0,4,vlsat2_26606_3191844.cnf,2622239.8,539623.7162150121,5.1469550839974545,0.044517880165439,3457.15625,667.8697660029388,5530.1875,333.31138763614075,0.868776794855889,0.1690633114322041,5
Gurobi-MAXSAT,1.6726892833947204,3436.721875,4286.0,FEASIBLE,26606,3191844,3191342,0.99984272414316,False,1.0,4,vlsat2_26606_3191844.cnf,3191342.0,0.0,1.6685059580486268,0.0165096122527539,3432.28125,23.72729023208956,4281.453125,23.95527295897633,0.99984272414316,0.0,5
CP-SAT-MAXSAT,5.326708900195081,4005.171875,5715.2125,UNKNOWN,26988,3251923,2548474,0.786876319027234,False,1.0,4,vlsat2_26988_3251923.cnf,2558861.2,334005.3915967525,5.261677458998747,0.132526862980943,3809.8125,535.9124461162884,5734.8125,393.94098443643816,0.7836821474555209,0.1027101169359644,5
Gurobi-MAXSAT,1.7410332247964109,3510.134375,4382.171875,FEASIBLE,26988,3251923,3251404,0.9998404021251426,False,1.0,4,vlsat2_26988_3251923.cnf,3251404.0,0.0,1.7100288330111653,0.0529060167338839,3515.5625,20.728055743891534,4381.0,3.5563955374437755,0.9998404021251426,0.0,5
CP-SAT-MAXSAT,5.859240916813723,4146.0375,5422.771875,UNKNOWN,27507,3314450,2786503,0.8244312631054926,False,1.0,4,vlsat2_27507_3314450.cnf,2732536.2,426936.5376934844,5.784996875037905,0.1922866258625566,4268.734375,716.0502213579966,5297.53125,598.0485216543301,0.8407135422166574,0.1288106737749805,5
Gurobi-MAXSAT,1.7916416166117417,3552.275,4439.975,FEASIBLE,27507,3314450,3313931,0.9998434129342728,False,1.0,4,vlsat2_27507_3314450.cnf,3313931.0,0.0,1.7833134999964386,0.0410975487728633,3566.4375,45.68983594190767,4441.046875,17.947805728521523,0.9998434129342728,0.0,5
CP-SAT-MAXSAT,15.900239649787546,4009.2625,7015.890625,UNKNOWN,28930,6497511,4587102,0.7262618254897913,False,1.0,4,vlsat2_28930_6497511.cnf,4718894.2,835905.1194419137,16.08396229200298,0.5729210725003825,4117.90625,224.28838351437685,7258.578125,682.2980485646982,0.7059783353964311,0.1286500506797008,5
Gurobi-MAXSAT,2.5083449996076523,3448.175,5820.39375,FEASIBLE,28930,6497511,6496985,0.999919045923893,False,1.0,4,vlsat2_28930_6497511.cnf,6496985.0,0.0,2.5165634999866597,0.0551135259184735,3260.96875,562.6012129427802,5898.03125,260.54753476303273,0.999919045923893,0.0,5
CP-SAT-MAXSAT,6.884782016801182,5913.009375,6884.7,UNKNOWN,29040,3874024,3215251,0.8257472333676817,False,1.0,4,vlsat2_29040_3874024.cnf,3198964.6,452571.92110182886,6.8442716670106165,0.1048429898232638,5909.5625,103.77717758684048,6881.34375,110.5961751818016,0.8299512341689158,0.1168221779477434,5
Gurobi-MAXSAT,1.8900177749921567,4107.709375,5085.996875,FEASIBLE,29040,3874024,3873540,0.9998750653067716,False,1.0,4,vlsat2_29040_3874024.cnf,3873540.0,0.0,1.901601874968037,0.0429138845087453,4200.59375,211.3328784701068,5178.90625,210.58815092859197,0.9998750653067716,0.0,5
CP-SAT-MAXSAT,6.521922333410475,5320.228125,6685.859375,UNKNOWN,29205,3712921,2834740,0.7856268959129483,False,1.0,4,vlsat2_29205_3712921.cnf,2916970.6,416868.77486002713,6.538670583046041,0.2314701120567705,5535.265625,510.9763188378557,6876.59375,541.5965810152265,0.763479750848456,0.1122751534061799,5
Gurobi-MAXSAT,1.8456953497952784,4015.76875,4965.003125,FEASIBLE,29205,3712921,3712390,0.9998569859148632,False,1.0,4,vlsat2_29205_3712921.cnf,3712390.0,0.0,1.851611291989684,0.0165333494990464,4016.0625,6.36759872138332,4964.71875,6.040981462581225,0.9998569859148632,0.0,5
CP-SAT-MAXSAT,17.268761166604236,4148.540625,6625.384375,UNKNOWN,29456,6615638,5241717,0.8007155167800898,False,1.0,4,vlsat2_29456_6615638.cnf,5297244.0,526213.4758926267,16.684050792013295,1.055821846272587,4135.296875,138.98958964711508,6443.921875,685.6448391187351,0.79232222198373,0.0795408509190839,5
Gurobi-MAXSAT,2.473133074992802,3482.721875,5746.946875,FEASIBLE,29456,6615638,6615112,0.9999204914174566,False,1.0,4,vlsat2_29456_6615638.cnf,6615112.0,0.0,2.4584194580093026,0.0217732707488064,3293.515625,512.177596571431,5648.15625,280.4515710268107,0.9999204914174566,0.0,5
CP-SAT-MAXSAT,6.640904541593045,4047.39375,6126.634375,UNKNOWN,29736,3780419,2954705,0.7763499760211765,False,1.0,4,vlsat2_29736_3780419.cnf,2934928.2,553193.1874234353,6.625926916953176,0.0552539965247294,3818.4375,618.2570303215259,6224.828125,196.59398272319717,0.7815813538128975,0.1463311837718081,5
Gurobi-MAXSAT,1.86945019159466,3979.18125,4954.784375,FEASIBLE,29736,3780419,3779888,0.9998595393791004,False,1.0,4,vlsat2_29736_3780419.cnf,3779888.0,0.0,1.844366709003225,0.0668791418822483,4100.34375,266.2063155550714,5064.015625,238.5643700702018,0.9998595393791004,0.0,5
CP-SAT-MAXSAT,6.7049921252182685,6011.15,6957.9625,UNKNOWN,29945,3796274,3187523,0.8132210161858706,False,1.0,4,vlsat2_29945_3796274.cnf,3087209.8,437263.047186359,6.692344999988563,0.1369976557530833,5916.671875,329.819212545096,6821.4375,343.10148602405394,0.8396451362572881,0.1151821620848123,5
Gurobi-MAXSAT,1.875989491585642,3879.75,4908.553125,FEASIBLE,29945,3796274,3796009,0.9999301947119728,False,1.0,4,vlsat2_29945_3796274.cnf,3796009.0,0.0,1.8824488749960435,0.0530257580346255,3877.34375,185.63704683920096,4955.53125,197.3369080984385,0.9999301947119728,0.0,5
CP-SAT-MAXSAT,6.945024342020043,5534.2125,6894.38125,UNKNOWN,30195,3855554,2308455,0.6658677326267509,False,1.0,4,vlsat2_30195_3855554.cnf,2567289.0,507755.32390168,6.947431125037838,0.0835445745536849,5598.75,243.0787960695725,6907.953125,227.64996334404904,0.5987349677893242,0.1316945175457742,5
Gurobi-MAXSAT,1.8812516583944672,3694.51875,4757.48125,FEASIBLE,30195,3855554,3855005,0.9998576080117152,False,1.0,4,vlsat2_30195_3855554.cnf,3855005.0,0.0,1.8835755840409547,0.0340901948374242,4035.8125,557.3434330099673,5043.09375,480.6772174017629,0.9998576080117152,0.0,5
CP-SAT-MAXSAT,6.951450258202385,5351.93125,6718.3125,UNKNOWN,30744,3925645,2418401,0.5954179758995019,False,1.0,4,vlsat2_30744_3925645.cnf,2337399.6,891834.2731571825,6.96324775001267,0.1441336587709198,5331.34375,286.3672450680272,6792.59375,161.13609295903126,0.6160518844673932,0.2271815900717417,5
Gurobi-MAXSAT,1.9172935170005077,3775.015625,4832.909375,FEASIBLE,30744,3925645,3925096,0.999860150370194,False,1.0,4,vlsat2_30744_3925645.cnf,3925096.0,0.0,1.9497020000126213,0.0884145356482243,3516.953125,410.55094892721786,4610.96875,348.3926819901041,0.999860150370194,0.0,5
CP-SAT-MAXSAT,11.095176774810534,3866.34375,6367.4875,UNKNOWN,31552,5400750,3718874,0.7627766143591168,False,1.0,4,vlsat2_31552_5400750.cnf,4119565.8,809661.3906913185,11.188677333004309,0.1831211500598484,3880.203125,99.63497893972936,6532.0625,399.6868786950312,0.6885847336018146,0.1499164728401275,5
Gurobi-MAXSAT,2.4687116002081892,3053.934375,5158.94375,FEASIBLE,31552,5400750,5400206,0.9998992732490858,False,1.0,4,vlsat2_31552_5400750.cnf,5400206.0,0.0,2.5397941669798456,0.1722424374627754,3119.921875,329.65944552585484,5117.0625,172.99653281557678,0.9998992732490858,0.0,5
CP-SAT-MAXSAT,8.185010049981065,3975.26875,6491.528125,UNKNOWN,32480,4362044,2952555,0.721680845035034,False,1.0,4,vlsat2_32480_4362044.cnf,3148003.6,708644.5437024827,8.256695166986901,0.1516236759106813,4170.140625,427.4676035102324,6464.390625,164.31533694714773,0.6768741901732307,0.1624569911955227,5
Gurobi-MAXSAT,2.0180907002068125,3471.78125,4991.125,FEASIBLE,32480,4362044,4361484,0.9998716198185988,False,1.0,4,vlsat2_32480_4362044.cnf,4361484.0,0.0,2.013659583986737,0.0262637707294599,3606.265625,222.6014203323608,5051.578125,171.4992145486979,0.9998716198185988,0.0,5
CP-SAT-MAXSAT,8.530963833199348,4047.784375,6476.771875,UNKNOWN,33040,4437242,3192083,0.7483604004469443,False,1.0,4,vlsat2_33040_4437242.cnf,3320656.2,468872.3444725654,8.540920457977336,0.0868202525990194,4066.71875,89.738975863682,6459.875,150.49086821470473,0.7193844735085443,0.1056675170010031,5
Gurobi-MAXSAT,2.0620252916007304,3182.334375,4843.178125,FEASIBLE,33040,4437242,4436682,0.999873795479264,False,1.0,4,vlsat2_33040_4437242.cnf,4436682.0,0.0,2.0591182080097497,0.0210852247735508,3188.453125,228.57117343016415,4788.234375,106.72441110991343,0.999873795479264,0.0,5
CP-SAT-MAXSAT,8.639741333399433,4187.546875,6533.45,UNKNOWN,33582,4529625,3285894,0.7111639926042442,False,1.0,4,vlsat2_33582_4529625.cnf,3221306.2,472402.81898735533,8.60949708300177,0.133889027299084,4237.359375,319.5576454180328,6610.484375,311.8260305289308,0.7254229654772746,0.1042918164279284,5
Gurobi-MAXSAT,2.12675801680889,3060.615625,4673.471875,FEASIBLE,33582,4529625,4529046,0.9998721748489112,False,1.0,4,vlsat2_33582_4529625.cnf,4529046.0,0.0,2.1371116249938495,0.0274689901361328,2984.734375,356.33907305451584,4626.171875,148.28952632658877,0.9998721748489112,0.0,5
CP-SAT-MAXSAT,9.04577689979924,3571.6375,6537.303125,UNKNOWN,34099,4695729,3565695,0.7198323838534976,False,1.0,4,vlsat2_34099_4695729.cnf,3380137.8,403754.1932595871,8.828322165994905,0.4166131179814028,3453.765625,249.3093179870264,6601.765625,212.26685757141215,0.7593485484362492,0.0859832825232433,5
Gurobi-MAXSAT,2.2087192334001884,3253.01875,4707.978125,FEASIBLE,34099,4695729,4695170,0.9998809556514016,False,1.0,4,vlsat2_34099_4695729.cnf,4695170.0,0.0,2.213484084000811,0.0270087364670372,3393.234375,314.42150896962244,4659.46875,220.9837968090612,0.9998809556514016,0.0,5
CP-SAT-MAXSAT,8.947628774994518,3549.459375,6587.03125,UNKNOWN,34161,4607712,3591564,0.7523807043495774,False,1.0,4,vlsat2_34161_4607712.cnf,3466753.6,790360.436179785,8.881810166989453,0.1182300814264803,3503.3125,270.13158315309386,6671.015625,223.70529543151537,0.7794679875825572,0.1715299124988248,5
Gurobi-MAXSAT,2.163346449995879,3289.971875,5017.95625,FEASIBLE,34161,4607712,4607133,0.9998743411046525,False,1.0,4,vlsat2_34161_4607712.cnf,4607133.0,0.0,2.165019499952905,0.0403215816079821,3173.59375,288.45660770099755,4969.109375,270.32827907342005,0.9998743411046525,0.0,5
CP-SAT-MAXSAT,9.957345666794572,3647.4625,6592.421875,UNKNOWN,35929,5082743,4076565,0.7578870700328543,False,1.0,4,vlsat2_35929_5082743.cnf,3852145.2,898675.2660937654,10.050094791979063,0.2997587621032568,3644.9375,43.425520492886726,6613.484375,224.46657743362513,0.8020403549815522,0.1768091099813162,5
Gurobi-MAXSAT,2.3998125414014795,3141.45625,4858.503125,FEASIBLE,35929,5082743,5082154,0.9998841176899952,False,1.0,4,vlsat2_35929_5082743.cnf,5082154.0,0.0,2.4207304160227068,0.0505653233038118,3052.3125,372.0092311903299,4786.96875,188.53553963916525,0.9998841176899952,0.0,5
CP-SAT-MAXSAT,10.542761516617611,3664.5125,6217.275,UNKNOWN,36518,5166057,3307892,0.6125129862097921,False,1.0,4,vlsat2_36518_5166057.cnf,3164277.0,874904.9240688956,10.512275417044291,0.1051544005641516,3673.953125,29.343890192024,6281.90625,156.31913728224086,0.6403127181910692,0.1693564209742354,5
Gurobi-MAXSAT,2.394535524782259,3030.525,4950.28125,FEASIBLE,36518,5166057,5165468,0.9998859865464124,False,1.0,4,vlsat2_36518_5166057.cnf,5165468.0,0.0,2.384234166995157,0.0469817254712625,2887.671875,336.6963729876041,5002.96875,155.23355128430174,0.9998859865464124,0.0,5
CP-SAT-MAXSAT,10.48653505841503,3738.671875,6408.875,UNKNOWN,36603,5137412,4522109,0.82876713022043,False,1.0,4,vlsat2_36603_5137412.cnf,4257718.2,643156.0887325098,10.529783167003188,0.1474075748866369,3747.3125,28.91327195116241,6358.015625,125.55603284116818,0.8802309411820582,0.1251906774719469,5
Gurobi-MAXSAT,2.39913579178974,3010.128125,5117.33125,FEASIBLE,36603,5137412,5136831,0.999886908038522,False,1.0,4,vlsat2_36603_5137412.cnf,5136831.0,0.0,2.3859607499907725,0.0408753428165516,2903.171875,371.9386799468765,5058.609375,131.64479796798372,0.999886908038522,0.0,5
CP-SAT-MAXSAT,10.87829000839265,3753.871875,6335.8125,UNKNOWN,36792,5273558,4517997,0.81463850402328,False,1.0,4,vlsat2_36792_5273558.cnf,4296043.4,548606.978858545,10.87840166600654,0.1328487550507197,3781.5,113.09066964408191,6308.0625,169.81354197497305,0.8567265212594609,0.1040297610946054,5
Gurobi-MAXSAT,2.34765713281231,3142.6875,5189.996875,FEASIBLE,36792,5273558,5272974,0.9998892588267732,False,1.0,4,vlsat2_36792_5273558.cnf,5272974.0,0.0,2.4629845410236157,0.1926420043703939,3170.328125,222.62402590282048,5077.609375,182.61113957231208,0.9998892588267732,0.0,5
CP-SAT-MAXSAT,10.83615719160298,3864.33125,6540.00625,UNKNOWN,37758,5364539,3933057,0.7605671242207391,False,1.0,4,vlsat2_37758_5364539.cnf,4080092.0,825506.8494155576,10.825746584043372,0.1079383339494377,3864.578125,26.34632948151293,6556.375,135.4084174871237,0.7331584316937578,0.153882160128868,5
Gurobi-MAXSAT,2.460131341405213,3050.61875,4917.628125,FEASIBLE,37758,5364539,5363930,0.9998864767317378,False,1.0,4,vlsat2_37758_5364539.cnf,5363930.0,0.0,2.5181469160015695,0.1474147406431958,2802.546875,563.1582145665542,4918.578125,22.023451079722665,0.9998864767317378,0.0,5
CP-SAT-MAXSAT,12.483539716585074,3923.8875,6771.54375,UNKNOWN,39552,5878762,4056018,0.644975149529782,False,1.0,4,vlsat2_39552_5878762.cnf,3791655.4,1036540.732045924,12.106533207988832,0.7002288505775464,3876.0,144.0047637999185,6997.84375,519.2883559789045,0.6899442433628032,0.1763195604867017,5
Gurobi-MAXSAT,2.390091058227699,3354.6875,5408.3875,FEASIBLE,39552,5878762,5878144,0.9998948758258966,False,1.0,4,vlsat2_39552_5878762.cnf,5878144.0,0.0,2.3824991670553572,0.0563731690395852,2816.21875,929.5072253655892,5184.03125,477.18067519268186,0.9998948758258966,0.0,5
CP-SAT-MAXSAT,12.84481741678901,3913.353125,6900.45625,UNKNOWN,40170,5970608,5288207,0.8498548891503177,False,1.0,4,vlsat2_40170_5970608.cnf,5074150.4,725271.5385848944,12.455406999972183,0.8024119701355726,3917.421875,166.79053654525694,6933.828125,171.98101822550888,0.8857066148037185,0.1214736486778054,5
Gurobi-MAXSAT,2.3298302664072255,3111.821875,5401.2375,FEASIBLE,40170,5970608,5969990,0.9998964929534816,False,1.0,4,vlsat2_40170_5970608.cnf,5969990.0,0.0,2.3426850830437616,0.0297798267629031,3020.640625,343.4575436669834,5485.421875,284.19677631179354,0.9998964929534816,0.0,5
CP-SAT-MAXSAT,13.869501583196689,3817.071875,7074.08125,UNKNOWN,40896,6104639,4313216,0.7388127946632062,False,1.0,4,vlsat2_40896_6104639.cnf,4510185.4,1016823.4544127116,14.086927540949546,0.5390006422597358,3810.203125,140.46299027054133,7220.109375,265.62155314859206,0.7065472667589353,0.1665656977280248,5
Gurobi-MAXSAT,2.4689722748007625,3211.10625,5497.3125,FEASIBLE,40896,6104639,6104000,0.9998953255057342,False,1.0,4,vlsat2_40896_6104639.cnf,6104000.0,0.0,2.4722291250363924,0.015076572400776,3070.359375,378.35262137788294,5512.9375,213.78335328915273,0.9998953255057342,0.0,5
CP-SAT-MAXSAT,13.72565401699394,4057.496875,7305.6125,UNKNOWN,41535,6200014,4660193,0.7054206651791431,False,1.0,4,vlsat2_41535_6200014.cnf,4373618.0,756619.5638839905,13.904289334022906,0.6699176376871276,4062.578125,132.02523534746942,7303.578125,146.2282587672758,0.751642335001179,0.1220351379664611,5
Gurobi-MAXSAT,2.4862016331870107,4463.678125,5958.671875,FEASIBLE,41535,6200014,6199375,0.9998969357165968,False,1.0,4,vlsat2_41535_6200014.cnf,6199375.0,0.0,2.472550082951784,0.0884250775478757,4692.4375,531.601643110711,6154.796875,472.85034328374417,0.9998969357165968,0.0,5
CP-SAT-MAXSAT,14.87291187478695,4080.778125,7245.221875,UNKNOWN,41875,6420498,4763300,0.7147974191410075,False,1.0,4,vlsat2_41875_6420498.cnf,4589355.4,761306.936180014,14.544315166014712,0.8385090477385673,4054.3125,48.65715116378065,7511.609375,413.6759394571337,0.7418894920612077,0.1185744370888386,5
Gurobi-MAXSAT,2.420156475005206,3285.434375,5825.371875,FEASIBLE,41875,6420498,6419873,0.9999026555260978,False,1.0,4,vlsat2_41875_6420498.cnf,6419873.0,0.0,2.409762665978633,0.0402204819261827,3218.359375,468.39046933375505,5808.65625,161.12144084873333,0.9999026555260978,0.0,5
CP-SAT-MAXSAT,17.584474333387334,4278.215625,7601.103125,UNKNOWN,45150,7165285,5140085,0.7542795855293962,False,1.0,4,vlsat2_45150_7165285.cnf,5404628.2,822552.1050393707,16.864425333973486,1.1936329221604751,4226.75,165.84504964925563,7825.609375,518.7071022596185,0.717359463022057,0.1147968440947388,5
Gurobi-MAXSAT,2.7271814665873535,3602.60625,6292.140625,FEASIBLE,45150,7165285,7164640,0.9999099826454916,False,1.0,4,vlsat2_45150_7165285.cnf,7164640.0,0.0,2.699053417018149,0.0440579301379768,3424.109375,501.8390954379311,6333.53125,361.2050849632662,0.9999099826454916,0.0,5
CP-SAT-MAXSAT,18.802831149986012,4299.84375,7875.278125,UNKNOWN,46440,7369989,5064777,0.6797056549202448,False,1.0,4,vlsat2_46440_7369989.cnf,5009423.2,594948.035942804,18.638378708972596,0.9709918966869298,4230.578125,159.84557596097827,7962.09375,538.4555766335906,0.6872163581248222,0.0807257698678796,5
Gurobi-MAXSAT,2.769032633397728,3936.3125,6390.103125,FEASIBLE,46440,7369989,7369344,0.999912482908726,False,1.0,4,vlsat2_46440_7369989.cnf,7369344.0,0.0,2.7428411670261994,0.0675209001185543,3548.625,758.5918313087219,6318.953125,253.56549023263017,0.999912482908726,0.0,5
CP-SAT-MAXSAT,1.9588370838202536,2191.221875,3012.984375,UNKNOWN,47817,1337056,1057449,0.7703270468850968,False,1.0,4,vlsat2_47817_1337056.cnf,1029970.4,119784.03141195409,1.9596248340094464,0.0105481091310795,2190.734375,1.220421530020468,3012.703125,1.126355520167811,0.7908786169016107,0.0895878941584751,5
Gurobi-MAXSAT,1.3103493917849849,1607.55625,2137.959375,FEASIBLE,47817,1337056,1335285,0.9986754481487686,False,1.0,4,vlsat2_47817_1337056.cnf,1335285.0,0.0,1.3148871249868537,0.0196293783342017,1606.125,3.2746324638709456,2136.84375,5.615210665710816,0.9986754481487686,0.0,5
CP-SAT-MAXSAT,31.279433249996508,5279.04375,9874.503125,UNKNOWN,57038,10572502,9290400,0.8165247355829302,False,1.0,4,vlsat2_57038_10572502.cnf,8632709.4,1835086.8182653647,32.11457974999212,4.094157739893537,5192.90625,262.34958590516084,10317.875,1480.8320049237998,0.8787323946592774,0.1735716690585979,5
Gurobi-MAXSAT,4.025538233190309,5445.2625,9345.0125,FEASIBLE,57038,10572502,10571780,0.9999317096369432,False,1.0,4,vlsat2_57038_10572502.cnf,10571780.0,0.0,4.017141124990303,0.0341001902885274,5021.375,861.166020346605,9361.65625,65.07059098796812,0.9999317096369432,0.0,5
CP-SAT-MAXSAT,32.76042438321747,5241.259375,9878.709375,UNKNOWN,58380,10775711,8489756,0.7401948140591372,False,1.0,4,vlsat2_58380_10775711.cnf,7976125.4,2849116.98194946,32.78657595801633,1.388640542070372,5232.28125,174.8363058346024,10026.4375,443.3912372361598,0.7878604019725474,0.2644017626261005,5
Gurobi-MAXSAT,4.184395566408057,6963.9875,9524.8875,FEASIBLE,58380,10775711,10775016,0.999935503095805,False,1.0,4,vlsat2_58380_10775711.cnf,10775016.0,0.0,4.163005250040442,0.0693335776408866,6857.9375,224.94779108899985,9561.828125,154.68340840548316,0.999935503095805,0.0,5
CP-SAT-MAXSAT,34.3007936833892,5053.571875,10020.34375,UNKNOWN,59204,10973962,7515906,0.6974897671415301,False,1.0,4,vlsat2_59204_10973962.cnf,7654226.2,1625047.5181871452,34.45141454198165,1.0088554126299754,5093.84375,290.18035028816024,10192.65625,547.4821835758747,0.6848853677459427,0.1480821163939829,5
Gurobi-MAXSAT,4.34356557498686,7110.184375,9896.23125,FEASIBLE,59204,10973962,10973240,0.9999342079004828,False,1.0,4,vlsat2_59204_10973962.cnf,10973240.0,0.0,4.335000874998514,0.1669940689115247,7058.0625,371.0664961044718,9787.859375,260.7890210514556,0.9999342079004828,0.0,5
CP-SAT-MAXSAT,49.827676325000354,5901.878125,10569.703125,UNKNOWN,67996,13708722,10661292,0.7435831728150881,False,1.0,4,vlsat2_67996_13708722.cnf,10193575.0,1687980.9372408504,50.53872033400694,2.878361926428271,6069.21875,455.7890805645897,10762.0,1371.8367436650512,0.7777013787280828,0.1231318964117041,5
Gurobi-MAXSAT,5.35582936659921,7392.790625,10984.159375,FEASIBLE,67996,13708722,13707958,0.9999442690573198,False,1.0,4,vlsat2_67996_13708722.cnf,13707958.0,0.0,5.3387985000154,0.0311744732168015,7678.9375,770.5719280279087,10932.90625,222.4146393053833,0.9999442690573198,0.0,5
CP-SAT-MAXSAT,51.527331275015605,5697.09375,10630.06875,UNKNOWN,68760,13862744,11226963,0.6749381940545104,False,1.0,4,vlsat2_68760_13862744.cnf,9356495.4,2791992.071742468,52.06280033302028,2.9389221359824447,5603.953125,348.94159688565276,10674.25,1467.9266158053165,0.809865853398144,0.2014025557813423,5
Gurobi-MAXSAT,5.674026858212892,6588.778125,11234.615625,FEASIBLE,68760,13862744,13861980,0.9999448882558892,False,1.0,4,vlsat2_68760_13862744.cnf,13861980.0,0.0,5.659923165978398,0.0448928295954857,6463.875,461.96550452188967,11363.375,487.9925717398188,0.9999448882558892,0.0,5
CP-SAT-MAXSAT,52.46849175000098,5493.48125,10672.65625,UNKNOWN,69524,14016766,12055032,0.855458370354474,False,1.0,4,vlsat2_69524_14016766.cnf,11990759.8,1130265.8166671237,52.31174645898864,2.322712577233935,5288.21875,659.6417641469011,11278.984375,1400.630595809605,0.8600437504628385,0.0806367044057897,5
Gurobi-MAXSAT,5.751458241394721,6764.759375,11534.396875,FEASIBLE,69524,14016766,14016002,0.9999454938464408,False,1.0,4,vlsat2_69524_14016766.cnf,14016002.0,0.0,5.735388208006043,0.0535575277650816,6732.0625,750.4274797853502,11470.890625,288.4956301035896,0.9999454938464408,0.0,5
CP-SAT-MAXSAT,53.64787769179093,5516.2875,10318.103125,UNKNOWN,70288,14170788,10482806,0.7400895984048311,False,1.0,4,vlsat2_70288_14170788.cnf,10487652.8,1856469.499282361,52.96718320896616,1.7919034030028829,5569.9375,282.19222673920564,10857.890625,1161.514079808236,0.7397475708478597,0.1310067936435405,5
Gurobi-MAXSAT,5.737697941390797,6669.3125,11511.884375,FEASIBLE,70288,14170788,14170024,0.99994608627269,False,1.0,4,vlsat2_70288_14170788.cnf,14170024.0,0.0,5.7425769160036,0.0167482799553792,6583.734375,847.9513640221769,11557.640625,313.713045749204,0.99994608627269,0.0,5
CP-SAT-MAXSAT,57.72935099999886,4870.115625,9344.290625,UNKNOWN,71816,14478832,8744325,0.6852862302705081,False,1.0,4,vlsat2_71816_14478832.cnf,9922144.2,1855633.1428554785,55.73362883395748,3.1400391175359563,4765.078125,602.8649804421839,9464.90625,1012.979045118708,0.6039385635526402,0.1281617980549451,5
Gurobi-MAXSAT,5.93154865000397,5671.175,11003.80625,FEASIBLE,71816,14478832,14478068,0.9999472333127424,False,1.0,4,vlsat2_71816_14478832.cnf,14478068.0,0.0,5.944305333017837,0.0811062325443204,5468.734375,595.8452499923756,11031.421875,640.5707136488292,0.9999472333127424,0.0,5
CP-SAT-MAXSAT,85.9292934998055,3879.96875,10279.034375,UNKNOWN,83334,20350783,15261293,0.7007079285352313,False,1.0,4,vlsat2_83334_20350783.cnf,14259955.0,2492691.6986417514,85.2301841659937,1.5224498784037288,3710.421875,575.7388141587348,10889.875,1248.387187630207,0.7499118338591689,0.1224862796994961,5
Gurobi-MAXSAT,9.84236999999266,1615.471875,10753.740625,FEASIBLE,83334,20350783,20350137,0.9999682567496296,False,1.0,4,vlsat2_83334_20350783.cnf,20350137.0,0.0,9.768442249973305,0.2572538334702774,1603.15625,307.2127183983487,10754.046875,148.6768787748336,0.9999682567496296,0.0,5
MaxSatdNN,0.19461869201622903,85.99375,339.3125,UNKNOWN,1000,22250,22200,0.9977528089887641,False,,4,vlsat2_1000_22250_4.cnf,22200,0.0,0.18463158403756097,0.035603777690827704,86.0,2.4042859273207293,339.609375,2.7732284252180706,0.9977528089887641,0.0,5
MaxSatdNN,0.16559398339595646,81.103125,334.04375,UNKNOWN,1022,14955,14892,0.9958007355399532,False,,4,vlsat2_1022_14955_3.cnf,14892.2,0.4472135954999579,0.16632954200031236,0.006338553772037655,81.03125,0.20240256143389096,334.0,0.20294463145769587,0.9957873620862587,2.9903951554695385e-05,5
MaxSatdNN,1.2077593166031875,786.390625,1254.234375,UNKNOWN,11130,1186888,1181621,0.9955586373777475,False,,4,vlsat2_11130_1186888.cnf,1181616.6,63.649823251914846,1.2082020419766195,0.005869436461614852,785.359375,1.8359541222651778,1253.796875,2.5765146485853716,0.9955623445514656,5.3627489073863093e-05,5
MaxSatdNN,0.17895834201481192,81.04375,334.25625,UNKNOWN,1125,15795,15742,0.99661918328585,False,,4,vlsat2_1125_15795_3.cnf,15741.6,0.5477225575051661,0.1808503339998424,0.0076095874892679665,80.25,1.3863786995036746,333.78125,1.5758647179802585,0.9966445077556189,3.4676958373218504e-05,5
MaxSatdNN,1.0291143166017718,2557.365625,3683.109375,UNKNOWN,11280,4223777,4223025,0.9998219602976198,False,,4,vlsat2_11280_4223777.cnf,4223025,0.0,1.0148127079592086,0.040407721892343554,2583.09375,56.83968211461624,3692.375,46.80467641566385,0.9998219602976198,0.0,5
MaxSatdNN,0.22146385841770097,90.075,344.315625,UNKNOWN,1134,26703,26649,0.9979777553083923,False,,4,vlsat2_1134_26703_4.cnf,26649,0.0,0.19165649998467416,0.05191466385085426,89.46875,4.495730939423255,343.421875,4.255932784618138,0.9979777553083923,0.0,5
MaxSatdNN,1.191644058190286,769.478125,1232.871875,UNKNOWN,11374,1150943,1150209,0.9993660850276687,False,,4,vlsat2_11374_1150943.cnf,1150213.4,16.334013591276335,1.1942704169778153,0.00872461552023947,768.109375,2.4871397744824275,1231.796875,2.6808010623575744,0.9993622620755328,1.4191852760102233e-05,5
MaxSatdNN,0.24965345800155775,98.028125,353.815625,UNKNOWN,1155,42917,42840,0.9982058391779481,False,,4,vlsat2_1155_42917_4.cnf,42840,0.0,0.250085833016783,0.004560606644632324,96.78125,2.6081911610946964,352.796875,2.941183694269622,0.9982058391779481,0.0,5
MaxSatdNN,1.373637158400379,3299.55,4724.021875,UNKNOWN,11664,5532624,5531652,0.9998243148278285,False,,4,vlsat2_11664_5532624.cnf,5531652,0.0,1.3562588749919087,0.048872606834475286,3332.984375,76.26446087899699,4759.28125,89.24085663620707,0.9998243148278285,0.0,5
MaxSatdNN,0.24839474158361555,89.484375,343.559375,UNKNOWN,1183,26975,26895,0.9970194624652455,False,,4,vlsat2_1183_26975_3.cnf,26894.6,0.5477225575051661,0.25126341596478596,0.007832607871864508,87.84375,4.749203263772251,341.625,4.83253995149678,0.9970342910101946,2.0304821408877718e-05,5
MaxSatdNN,0.2645064248004928,91.9375,347.003125,UNKNOWN,1209,29889,29805,0.9971896015256448,False,,4,vlsat2_1209_29889_3.cnf,29805,0.7071067811865476,0.26625870796851814,0.01304976816266581,92.96875,3.036983141468273,347.703125,3.065754807394502,0.9971896015256448,2.3657759750635824e-05,5
MaxSatdNN,1.2368573251995258,957.940625,1483.715625,UNKNOWN,12690,1481522,1479352,0.9985440648198272,False,,4,vlsat2_12690_1481522.cnf,1479365,50.38849074937649,1.2381070000119507,0.008025154076566218,959.078125,2.2385341534696317,1484.234375,1.7128235894094581,0.9985352900598169,3.401130104676153e-05,5
MaxSatdNN,0.30903681699419394,93.078125,348.63125,UNKNOWN,1326,35956,35866,0.9974969407053065,False,,4,vlsat2_1326_35956_3.cnf,35866,0.0,0.30874616699293256,0.0034418845717352105,92.984375,1.2260896779752695,348.703125,1.326221061771943,0.9974969407053065,0.0,5
MaxSatdNN,0.34368379978695884,96.0875,352.19375,UNKNOWN,1352,42432,42341,0.9978553921568627,False,,4,vlsat2_1352_42432_3.cnf,42341,1.5811388300841898,0.3427912499755621,0.0042470097635866335,96.140625,0.36352898139281825,352.53125,0.8374037957804467,0.9978553921568627,3.72628872097517e-05,5
MaxSatdNN,1.1145867080311291,912.846875,1420.134375,UNKNOWN,14016,1374747,1374529,0.9998414253677222,False,,4,vlsat2_14016_1374747.cnf,1374529,0.0,1.113861582998652,0.008821927345907863,914.078125,3.4668033670713863,1421.5625,3.545112447528992,0.9998414253677222,0.0,5
MaxSatdNN,1.6670874501927755,3810.825,5684.14375,UNKNOWN,14280,6781327,6780375,0.9998596144972806,False,,4,vlsat2_14280_6781327.cnf,6780375,0.0,1.6597935419995338,0.048516866958831895,3782.953125,124.01295816948047,5755.1875,259.5858549475822,0.9998596144972806,0.0,5
MaxSatdNN,2.0078188331914135,3788.40625,5977.453125,UNKNOWN,14424,7585190,7562115,0.9969495029129132,False,,4,vlsat2_14424_7585190.cnf,7562051.4,878.4197743675855,1.9703898329753429,0.053911814814511246,3876.046875,282.94576884178485,5929.765625,415.8837469962309,0.9969578876732158,0.0001158072209618823,5
MaxSatdNN,1.1605240416014566,1168.2125,1751.165625,UNKNOWN,14637,1778453,1773787,0.9973662503310461,False,,4,vlsat2_14637_1778453.cnf,1773769,118.17994753764278,1.1612228750018403,0.009791032789994384,1169.328125,2.8443852312494524,1751.609375,1.507897504080599,0.9973763714869046,6.645098157646784e-05,5
MaxSatdNN,1.0811351247946732,874.921875,1370.51875,UNKNOWN,14640,1323246,1254115,0.9476398190510306,False,,4,vlsat2_14640_1323246.cnf,1253960.6,605.0184294713674,1.0796002499992028,0.010480260148622144,875.1875,0.9428881619457845,1370.09375,1.249286905973764,0.9477565018144775,0.00045722294227328617,5
MaxSatdNN,1.2580106418114156,1258.953125,1869.475,UNKNOWN,15249,1937993,1932716,0.9972838911182857,False,,4,vlsat2_15249_1937993.cnf,1932729.2,36.60191251833707,1.2590134579804726,0.006600034648187085,1259.515625,1.4219179251762388,1870.625,2.1809220294264304,0.9972770799481732,1.8886503985498607e-05,5
MaxSatdNN,1.1543261831975542,930.515625,1444.146875,UNKNOWN,15440,1409906,1331406,0.9443480629205068,False,,4,vlsat2_15440_1409906.cnf,1331442,398.67593356007836,1.1536133750341833,0.005993960408329293,930.609375,1.4220896129244107,1443.859375,1.3518379415863797,0.944322529303372,0.0002827677402323738,5
MaxSatdNN,0.4172557082143612,105.43125,364.603125,UNKNOWN,1560,54564,54465,0.9981782860494098,False,,4,vlsat2_1560_54564_3.cnf,54464.6,0.5477225575051661,0.41168974997708574,0.012710669776992917,105.375,1.4711001808807924,364.890625,1.3014133693075771,0.9981856168902573,1.0038167244044806e-05,5
MaxSatdNN,1.1148884832160548,1178.328125,1765.075,UNKNOWN,15704,1804650,1802379,0.9987419167151526,False,,4,vlsat2_15704_1804650.cnf,1802379.6,22.689204481426845,1.1160696670413017,0.0040565212314930136,1181.015625,6.896353556975781,1767.453125,6.5171835665895586,0.9987415842407115,1.257263429552247e-05,5
MaxSatdNN,0.4283074168139137,104.2375,363.984375,UNKNOWN,1586,57751,57650,0.9982511125348479,False,,4,vlsat2_1586_57751_3.cnf,57650,0.0,0.42972029198426753,0.008561684887191761,103.671875,0.9131205082025045,364.0,0.7811718710933593,0.9982511125348479,0.0,5
MaxSatdNN,1.1967153334058822,949.134375,1473.090625,UNKNOWN,15960,1464039,1372074,0.9373041291932797,False,,4,vlsat2_15960_1464039.cnf,1372249.8,625.368851159058,1.1959733749972656,0.006104161188661843,948.859375,0.6609393469241335,1472.828125,0.7371457040928204,0.9371840504248862,0.0004271531367395603,5
MaxSatdNN,1.440436275000684,1439.003125,2100.696875,UNKNOWN,16269,2203672,2196812,0.9968834744916667,False,,4,vlsat2_16269_2203672.cnf,2196804.2,148.95032729067768,1.436994208022952,0.021126439830317055,1439.390625,2.469649756924046,2101.0625,3.503513861111441,0.9968870140383869,6.759187723523672e-05,5
MaxSatdNN,1.0442461083992385,1038.575,1579.6375,UNKNOWN,16297,1562268,1463337,0.9367948392977389,False,,4,vlsat2_16297_1562268.cnf,1463524.6,403.9892325297792,1.0398995419964194,0.013276036041790205,1041.28125,7.180893703084596,1582.9375,7.618204259063451,0.9366747574679889,0.00025859150448563265,5
MaxSatdNN,1.0587439500028268,1060.653125,1609.10625,UNKNOWN,16676,1598591,1497855,0.9370042743891339,False,,4,vlsat2_16676_1598591.cnf,1497886.6,649.9371508076762,1.0594179580220953,0.010117222409093162,1060.15625,2.2227461811771265,1608.78125,1.7443897236032149,0.9369845069814605,0.00040656875386365434,5
MaxSatdNN,2.4857587415957823,3488.859375,6116.01875,UNKNOWN,16788,9021307,9017875,0.9996195673199016,False,,4,vlsat2_16788_9021307.cnf,9017875,0.0,2.41817020799499,0.15564306349496226,3497.078125,293.1726742364392,6126.4375,315.1275201099772,0.9996195673199016,0.0,5
MaxSatdNN,1.094876899814699,1152.828125,1727.7625,UNKNOWN,17688,1741702,1559401,0.8952987365232399,False,,4,vlsat2_17688_1741702.cnf,1559343.6,762.8261925235656,1.0933390410500579,0.006325507886847781,1152.3125,1.7210212266267955,1728.09375,1.64067708250664,0.8953316927924524,0.000437977445351447,5
MaxSatdNN,1.3028140582027845,1890.971875,2701.6375,UNKNOWN,18250,2995915,2995025,0.99970299557898,False,,4,vlsat2_18250_2995915.cnf,2995025.2,3.898717737923586,1.2882504590088502,0.04095334759265807,1891.0625,1.156535015547519,2701.5,1.7103273740902647,0.9997029288214119,1.3013445768287678e-06,5
MaxSatdNN,1.5782326832180842,2315.253125,3251.98125,UNKNOWN,19565,3665001,3662683,0.9993485404233178,False,,4,vlsat2_19565_3665001.cnf,3662613.4,129.91073858615383,1.5775871250079945,0.003756598073075371,2319.09375,10.309755790178786,3255.09375,9.676476843436484,0.9993675308683408,3.544630372165799e-05,5
MaxSatdNN,1.3503582578036002,1387.353125,2051.3125,UNKNOWN,20424,2157568,1992495,0.9232673083768391,False,,4,vlsat2_20424_2157568.cnf,1992012,1720.656124854702,1.3493000830058008,0.005005341088409412,1387.390625,1.1268756066276793,2042.46875,13.396526376091398,0.9234911715412909,0.000797497981456312,5
MaxSatdNN,1.417862508201506,1457.16875,2127.5625,UNKNOWN,21114,2240429,2053061,0.916392440911986,False,,4,vlsat2_21114_2240429.cnf,2053112.2,2607.9133804633925,1.4196668330114335,0.00810103230793743,1457.296875,1.1062566207428999,2127.890625,0.5994789404140899,0.9163695881458417,0.0011640241134458654,5
MaxSatdNN,1.1299167252029292,1671.503125,2411.321875,UNKNOWN,21190,2597791,2597530,0.9998995300237778,False,,4,vlsat2_21190_2597791.cnf,2597530,0.0,1.126964625029359,0.007848442986177078,1672.09375,1.1887021053706013,2412.015625,1.4452322612862267,0.9998995300237778,0.0,5
MaxSatdNN,1.1049826250062325,1679.603125,2421.06875,UNKNOWN,21546,2615351,2615086,0.9998986751682661,False,,4,vlsat2_21546_2615351.cnf,2615086,0.0,1.1051399580319412,0.008264457924182034,1678.96875,2.8125130208031925,2420.515625,3.297830134156397,0.9998986751682661,0.0,5
MaxSatdNN,1.3701323915971444,1475.721875,2165.734375,UNKNOWN,21573,2289124,2098324,0.9128935785042662,False,,4,vlsat2_21573_2289124.cnf,2089726.6,18677.808846328844,1.4514732499956153,0.1995500998953649,1475.203125,1.163165552087277,2165.78125,8.774366185265178,0.9166493383495171,0.008159369630622384,5
MaxSatdNN,1.3529065248207188,1904.8,2722.078125,UNKNOWN,22032,3022731,2868684,0.9487586556660186,False,,4,vlsat2_22032_3022731.cnf,2867842.2,2266.3116952440587,1.3510827910504304,0.008771883723506815,1905.28125,1.3832494013192271,2723.625,2.8081781029365818,0.9490371455481814,0.0007497563280503918,5
MaxSatdNN,0.41695525000104683,114.715625,376.63125,UNKNOWN,2231,68844,68436,0.9940735576085062,False,,4,vlsat2_2231_68844_2.cnf,68436,0.0,0.4176637919736095,0.003632407854435182,115.140625,1.5170499100845365,375.890625,1.6874131922116764,0.9940735576085062,0.0,5
MaxSatdNN,0.4359055752051063,114.93125,376.071875,UNKNOWN,2340,70758,70406,0.995025297492863,False,,4,vlsat2_2340_70758_2.cnf,70406,0.0,0.4375570000265725,0.006192598172897177,114.875,0.5573330397414996,375.453125,0.9358448931647274,0.995025297492863,0.0,5
MaxSatdNN,1.164459458203055,1726.378125,2487.95,UNKNOWN,23961,2714844,2437933,0.8981810372898038,False,,4,vlsat2_23961_2714844.cnf,2438421.4,1730.4003294035747,1.1632210409734398,0.007485672410675965,1728.25,3.6024249916289026,2487.1875,3.78709517225934,0.898001137450255,0.0006373848108413051,5
MaxSatdNN,0.5329144584015012,127.890625,396.5,UNKNOWN,2403,100259,100170,0.9991122991452139,False,,4,vlsat2_2403_100259_2.cnf,100170,0.0,0.5349297919892706,0.004568591176304869,128.328125,1.1514363482461807,396.703125,0.9176944403980554,0.9991122991452139,0.0,5
MaxSatdNN,1.1992374499910512,1763.89375,2536.103125,UNKNOWN,24450,2770239,2487157,0.8977956053611259,False,,4,vlsat2_24450_2770239.cnf,2487108.4,894.7059852264318,1.197803333052434,0.0070481904910968994,1764.5,1.3795379661321394,2536.328125,0.9869509945407624,0.8978131489737889,0.0003229706841996135,5
MaxSatdNN,1.007746033417061,141.14375,413.271875,UNKNOWN,2548,119204,119106,0.9991778799369149,False,,4,vlsat2_2548_119204_3.cnf,119106,0.0,1.0032276250422,0.008072632291079442,139.96875,4.323460369925056,411.703125,3.690636907262756,0.9991778799369149,0.0,5
MaxSatdNN,1.3791489332099445,2008.975,2860.553125,UNKNOWN,26104,3131630,2837479,0.9058410476333412,False,,4,vlsat2_26104_3131630.cnf,2836759,2032.3913255079594,1.3796173330047168,0.004816816379949318,2008.78125,0.8417656062928088,2849.6875,24.78796458922278,0.9060709598515789,0.0006489883305204973,5
MaxSatdNN,1.3940357920015232,2035.978125,2922.4,UNKNOWN,26606,3191844,2891162,0.9058766656515795,False,,4,vlsat2_26606_3191844.cnf,2891417,1894.0076557395432,1.3926072500180453,0.004295969168013479,2037.6875,4.143904950911338,2941.53125,33.75404634308678,0.905796774529081,0.0005933897946577563,5
MaxSatdNN,1.46750309180934,2067.790625,2931.6125,UNKNOWN,26988,3251923,2923218,0.8990299585814301,False,,4,vlsat2_26988_3251923.cnf,2923576.2,961.7175780862071,1.4661523340037093,0.0021824714141270313,2071.515625,9.203128979201177,2935.578125,8.91124722743329,0.8989198083718465,0.00029573811498190234,5
MaxSatdNN,1.4612760167918168,2101.66875,2994.446875,UNKNOWN,27507,3314450,2980303,0.899411063675723,False,,4,vlsat2_27507_3314450.cnf,2981053,2561.7369107697223,1.4444250419619493,0.04398598695576924,2101.390625,0.9447247656394427,2977.03125,31.301419805432747,0.8991847817888338,0.0007728995491769958,5
MaxSatdNN,1.5497077418258414,3710.39375,5471.603125,UNKNOWN,28930,6497511,6497019,0.9999242786968733,False,,4,vlsat2_28930_6497511.cnf,6497019,0.0,1.5386343340505846,0.03140051292503751,3637.625,201.6350412705194,5537.921875,301.88597320894604,0.9999242786968733,0.0,5
MaxSatdNN,1.7468873831792735,2420.921875,3399.496875,UNKNOWN,29040,3874024,3870643,0.9991221530893974,False,,4,vlsat2_29040_3874024.cnf,3870623.2,531.2388351767969,1.747844957979396,0.0048662318838892105,2425.484375,7.924640481297085,3404.78125,8.205568088575586,0.9991272640541204,0.00013712843161962893,5
MaxSatdNN,1.6236863165860995,2347.253125,3307.39375,UNKNOWN,29205,3712921,3365530,0.9063520069508616,False,,4,vlsat2_29205_3712921.cnf,3365213.4,3493.856937540517,1.625639832986053,0.0068461583055059155,2347.953125,1.614804252359245,3310.765625,6.951495595598475,0.9064372767424893,0.0009409995358211121,5
MaxSatdNN,1.621340408595279,3451.2625,5591.11875,UNKNOWN,29456,6615638,6615146,0.9999256307554918,False,,4,vlsat2_29456_6615638.cnf,6615146,0.0,1.615102834010031,0.03894537784366633,3596.96875,345.3089612728745,5746.09375,332.6335607941591,0.9999256307554918,0.0,5
MaxSatdNN,1.654473833204247,2380.296875,3344.809375,UNKNOWN,29736,3780419,3427154,0.9066491835957866,False,,4,vlsat2_29736_3780419.cnf,3427513.8,2078.436960795299,1.6523222500109114,0.007851801007619428,2379.28125,1.852271093313557,3344.21875,1.5582128685612886,0.9065540089603824,0.0005497901054870548,5
MaxSatdNN,1.6258038833970203,2387.74375,3354.109375,UNKNOWN,29945,3796274,3796010,0.9999304581281541,False,,4,vlsat2_29945_3796274.cnf,3796010,0.0,1.6296164999948815,0.00971468424369211,2387.0625,1.5034790383473924,3353.953125,1.494292527000654,0.9999304581281541,0.0,5
MaxSatdNN,1.6883836000110022,2416.915625,3395.184375,UNKNOWN,30195,3855554,3471347,0.9004994353600028,False,,4,vlsat2_30195_3855554.cnf,3471924.2,3354.023807309662,1.6902658750186674,0.007833875632749628,2417.203125,0.76853719107308,3394.9375,0.7161467803024042,0.9003497292477294,0.000869920070451519,5
MaxSatdNN,1.7114212248008698,2462.975,3454.509375,UNKNOWN,30744,3925645,3536142,0.9006234644243175,False,,4,vlsat2_30744_3925645.cnf,3535528,2392.9023172708075,1.7108533750288188,0.003274647987841017,2464.46875,4.41374584041152,3456.1875,4.674051019157525,0.9007798718427162,0.000609556472190114,5
MaxSatdNN,1.29179417520063,3203.909375,4631.63125,UNKNOWN,31552,5400750,5288455,0.9790673887885941,False,,4,vlsat2_31552_5400750.cnf,5287698.2,2584.8770183511633,1.277659167011734,0.032663205739553544,3254.25,114.43519345453375,4615.71875,47.518726520364446,0.9792075174744248,0.00047861445509439547,5
MaxSatdNN,1.883559124788735,2721.76875,3840.690625,UNKNOWN,32480,4362044,3960611,0.9079649357044541,False,,4,vlsat2_32480_4362044.cnf,3960583,3837.1813222728997,1.8814709580037743,0.00717578856063681,2722.125,0.8065739417049748,3796.703125,61.26463114470596,0.9079713547135242,0.0008796750611119356,5
MaxSatdNN,1.0259756835759617,278.2,594.271875,UNKNOWN,3252,372331,372065,0.9992855819150165,False,,4,vlsat2_3252_372331_3.cnf,372065,0.0,1.025667124951724,0.005385258655321695,278.171875,0.26271382660130393,594.1875,1.1367442544389657,0.9992855819150165,0.0,5
MaxSatdNN,1.0172402500058524,2705.303125,3884.415625,UNKNOWN,33040,4437242,3967716,0.8935810577831905,False,,4,vlsat2_33040_4437242.cnf,3965035.4,4415.4411784101485,1.0098751250188798,0.020825345962674484,2705.4375,0.6543499278864482,3904.578125,86.75890933851909,0.8941851717801282,0.0009950868531421629,5
MaxSatdNN,1.0401556416065432,2787.596875,4064.365625,UNKNOWN,33582,4529625,4021793,0.8877654110439606,False,,4,vlsat2_33582_4529625.cnf,4021244.4,2355.084350930981,1.0395229579880834,0.015257444394360622,2788.03125,1.018948887794427,4081.359375,36.37083275903836,0.887886524822695,0.0005199292106809833,5
MaxSatdNN,1.0872213581809773,2871.4,4150.740625,UNKNOWN,34099,4695729,4161102,0.886214302401182,False,,4,vlsat2_34099_4695729.cnf,4161422.2,3237.8442210829107,1.0918252500123344,0.008500033851900374,2870.21875,2.079786694666667,4136.96875,45.47820402143894,0.8861461127760993,0.0006895296174636461,5
MaxSatdNN,1.0762073331861757,2717.74375,4046.209375,UNKNOWN,34161,4607712,4088022,0.8868492214791203,False,,4,vlsat2_34161_4607712.cnf,4086345.8,3961.285548909596,1.062922167009674,0.041908825557243866,2830.28125,253.4790063114202,4074.265625,89.20170494468736,0.8872130028960143,0.0008597077137003273,5
MaxSatdNN,1.0187476418097503,181.434375,465.59375,UNKNOWN,3456,192912,192811,0.9994733349921208,False,,4,vlsat2_3456_192912_2.cnf,192810.4,0.8944271909999159,1.0197859160252847,0.011004514366223177,181.25,3.2832843396037905,465.265625,3.006584570779608,0.9994764452185453,4.636451807082849e-06,5
MaxSatdNN,1.0148298915708438,183.703125,467.203125,UNKNOWN,3480,190496,190380,0.9993910633294137,False,,4,vlsat2_3480_190496_3.cnf,190380,0.0,1.0150683329557069,0.010726645720008575,183.1875,2.8565773540528356,466.859375,2.954261520720957,0.9993910633294137,0.0,5
MaxSatdNN,1.1813969581970014,3054.925,4402.35,UNKNOWN,35929,5082743,4545160,0.8941676964583887,False,,4,vlsat2_35929_5082743.cnf,4544824.6,1721.278681678246,1.1794089580071159,0.00585308837751343,3100.90625,106.29962042151332,4415.609375,35.833389618112285,0.8942336844495187,0.00033865152766490296,5
MaxSatdNN,1.2075235164258629,3120.25625,4474.978125,UNKNOWN,36518,5166057,4617990,0.8941350821332401,False,,4,vlsat2_36518_5166057.cnf,4619152.8,2033.8478802506347,1.2017172499909066,0.014171372026645737,3146.4375,62.10210708262291,4450.0,65.67417484225392,0.8939099975087383,0.000393694432765747,5
MaxSatdNN,1.217262216785457,3136.41875,4469.83125,UNKNOWN,36603,5137412,4561934,0.8879808744169243,False,,4,vlsat2_36603_5137412.cnf,4561923.6,1530.0465025612784,1.217763458029367,0.01253848128043897,3134.125,4.169905316858226,4448.53125,66.68819045448565,0.8879828987824998,0.00029782437199144955,5
MaxSatdNN,1.202513508393895,3110.009375,4522.88125,UNKNOWN,36792,5273558,4635498,0.8791304087297418,False,,4,vlsat2_36792_5273558.cnf,4636145.2,2459.4533335682545,1.193108250037767,0.020750936845271902,3197.484375,183.78627359068892,4515.34375,33.80984747278243,0.8790076832377685,0.0004663745679042998,5
MaxSatdNN,1.2938406666042284,3167.3,4599.91875,UNKNOWN,37758,5364539,4766796,0.8884250072559823,False,,4,vlsat2_37758_5364539.cnf,4765990.6,2784.744835707573,1.2898181669879705,0.019336724726212697,3239.53125,146.7321393817287,4588.875,60.29132096570005,0.8885751413122358,0.0005191023563641757,5
MaxSatdNN,1.379518041794654,3434.50625,4990.959375,UNKNOWN,39552,5878762,5261848,0.894986801642931,False,,4,vlsat2_39552_5878762.cnf,5261414.4,2326.7860451704623,1.3769050830160268,0.021292932130350856,3544.65625,242.12330313478387,5109.609375,264.44418434849763,0.8950605586686449,0.0003957952448441378,5
MaxSatdNN,1.4279140833998099,3389.3375,5088.98125,UNKNOWN,40170,5970608,5345896,0.8952732787012646,False,,4,vlsat2_40170_5970608.cnf,5345325.8,3445.584377141271,1.424632832990028,0.026016452472797293,3461.109375,190.63838503212372,5158.359375,200.57386614723762,0.8953687798629554,0.0005770910394956874,5
MaxSatdNN,1.4311449000029826,3547.403125,5186.865625,UNKNOWN,40896,6104639,5425924,0.8883775764627524,False,,4,vlsat2_40896_6104639.cnf,5423224.4,5726.794242855247,1.4196268750238232,0.030022374500732803,3652.34375,156.2136666350121,5214.140625,101.3632628695935,0.8888197975343014,0.0009381053069403835,5
MaxSatdNN,1.4624464415945113,3529.346875,5235.7625,UNKNOWN,41535,6200014,5514262,0.8892120888759284,False,,4,vlsat2_41535_6200014.cnf,5513127.4,2708.187271958865,1.4456524169654585,0.03884324465051444,3658.59375,208.5544217372815,5327.109375,206.28907844749986,0.8893950884627034,0.0004368034123727474,5
MaxSatdNN,1.585780708200764,3535.69375,5442.903125,UNKNOWN,41875,6420498,5723491,0.8914285465083861,False,,4,vlsat2_41875_6420498.cnf,5723415.2,2234.120565233667,1.5826935839722864,0.03100718926613725,3456.578125,274.3428842518946,5499.71875,261.4185422337765,0.8914403524461809,0.00034796686569074214,5
MaxSatdNN,1.0201311669894495,404.328125,752.290625,UNKNOWN,4424,545056,544851,0.9996238918569835,False,,4,vlsat2_4424_545056.cnf,544851,0.0,1.0194534590118565,0.003977839545766972,404.234375,0.5619572033860764,752.21875,0.8086296036737092,0.9996238918569835,0.0,5
MaxSatdNN,1.7477198334177957,3827.196875,6003.728125,UNKNOWN,45150,7165285,6399832,0.8931341879632143,False,,4,vlsat2_45150_7165285.cnf,6399561,2532.352759786835,1.745935874991119,0.031102365327718783,3840.09375,79.4370532847884,6157.09375,371.2876990867918,0.8931720092082869,0.00035341968390468587,5
MaxSatdNN,1.839956366410479,3550.20625,5970.553125,UNKNOWN,46440,7369989,6584788,0.8933788096562967,False,,4,vlsat2_46440_7369989.cnf,6584192,2718.277119794816,1.8393980410182849,0.04536683744986656,3546.453125,286.6619546097862,6022.53125,332.06336105754866,0.893459678162342,0.0003688305531792478,5
MaxSatdNN,1.1486431335797533,882.740625,1390.765625,UNKNOWN,47817,1337056,877600,0.6559819484000671,False,,4,vlsat2_47817_1337056.cnf,877084.6,1468.623947782413,1.1465829169610515,0.007083074466854139,881.703125,2.1603674455980864,1390.796875,1.165136878359148,0.6563674221573367,0.0010984012246176614,5
MaxSatdNN,1.026017592009157,573.415625,970.79375,UNKNOWN,5152,824642,824320,0.9996095275283092,False,,4,vlsat2_5152_824642.cnf,824320,0.0,1.0271325000212528,0.004552999398984517,572.78125,1.0085450341643154,970.796875,1.602320704673381,0.9996095275283092,0.0,5
MaxSatdNN,0.09552099999273196,77.646875,330.225,UNKNOWN,544,8738,8704,0.9961089494163424,False,,4,vlsat2_544_8738_3.cnf,8704,0.0,0.09789820801233873,0.005675255618216967,77.78125,0.6221222812377805,330.453125,0.8938128255890604,0.9961089494163424,0.0,5
MaxSatdNN,1.0254327750066294,260.99375,570.00625,UNKNOWN,5525,327765,327424,0.9989584000732232,False,,4,vlsat2_5525_327765.cnf,327423.6,2.3021728866442674,1.025237374997232,0.007898354601486026,261.40625,1.7552098788321584,570.203125,1.2937462258399055,0.9989596204597806,7.023852109441518e-06,5
MaxSatdNN,1.2045108500053174,755.609375,1207.859375,UNKNOWN,5568,1124240,1123796,0.9996054223297517,False,,4,vlsat2_5568_1124240.cnf,1123796.4,0.5477225575051661,1.2044913329882547,0.004818423151915824,755.21875,0.6595897162251698,1207.703125,0.712009836879028,0.9996050665338362,4.871936219488905e-07,5
MaxSatdNN,1.1093593167955986,705.665625,1142.825,UNKNOWN,5600,1042700,1042300,0.999616380550494,False,,4,vlsat2_5600_1042700.cnf,1042300,0.0,1.1103065829956904,0.0026296620869292507,705.75,1.3000995304446887,1143.046875,0.8206770023508031,0.999616380550494,0.0,5
MaxSatdNN,2.86306731661316,3375.3,6703.30625,UNKNOWN,57038,10572502,9914404,0.9377724969926703,False,,4,vlsat2_57038_10572502.cnf,9914601.6,3049.167066593761,2.877956375014037,0.07323383952486259,3358.75,129.55931136407298,6616.140625,256.7809325843085,0.9377538069985705,0.00028840543767156364,5
MaxSatdNN,2.93524089200655,3689.2875,6709.4,UNKNOWN,58380,10775711,9700466,0.9005807041410074,False,,4,vlsat2_58380_10775711.cnf,9704397.4,7698.23507695108,2.9244345420156606,0.045085057829628114,3749.3125,195.51135114804555,6740.390625,102.84123280590846,0.9002158651062561,0.0007144062305448656,5
MaxSatdNN,2.9759029500186442,3630.45625,6895.875,UNKNOWN,59204,10973962,10291492,0.9378286347264552,False,,4,vlsat2_59204_10973962.cnf,10291695.8,3134.5983315251096,2.952856249990873,0.0837401939747554,3714.515625,283.84077898952927,6944.75,282.1834031662049,0.9378100634939323,0.00028563961963102495,5
MaxSatdNN,0.11378270838176832,78.996875,331.51875,UNKNOWN,600,11440,11400,0.9965034965034965,False,,4,vlsat2_600_11440_3.cnf,11400,0.0,0.114635499950964,0.0036642505406081377,79.328125,0.6639613893612338,331.703125,0.7869634829123268,0.9965034965034965,0.0,5
MaxSatdNN,3.709826608572621,3770.6375,7125.79375,UNKNOWN,67996,13708722,12322368,0.8988770944512552,False,,4,vlsat2_67996_13708722.cnf,12322456.2,4379.367100392476,3.6910195839591324,0.12165025388319328,3824.453125,159.92229039394024,7278.21875,382.92207032041983,0.8988706605911185,0.00031945845137077203,5
MaxSatdNN,0.31863921660697087,80.103125,333.06875,UNKNOWN,684,13953,13904,0.996488210420698,False,,4,vlsat2_684_13953_2.cnf,13904,0.0,0.34699729102430865,0.09418796425121735,80.171875,0.704564498688729,333.171875,1.0640269358961267,0.996488210420698,0.0,5
MaxSatdNN,0.2630700833979063,78.365625,331.23125,UNKNOWN,684,9417,9366,0.9945842625039821,False,,4,vlsat2_684_9417_3.cnf,9366,0.0,0.2619779169908725,0.0030733202157224603,78.34375,1.1576005625862489,331.296875,1.118874382052114,0.9945842625039821,0.0,5
MaxSatdNN,3.746823583380319,3870.365625,7765.465625,UNKNOWN,68760,13862744,12449733,0.8980291347802426,False,,4,vlsat2_68760_13862744.cnf,12449148,3037.3350160955247,3.810352415952366,0.1639082313688341,3615.09375,516.3743999727965,7850.265625,264.80640440050433,0.8980713342178143,0.00021910056306999152,5
MaxSatdNN,4.2071395498001944,2377.228125,6377.690625,UNKNOWN,69524,14016766,12591265,0.8984288244520883,False,,4,vlsat2_69524_14016766.cnf,12593066.6,7137.584066054844,4.170885625004303,0.1769165516189427,2709.96875,785.6407319458322,6286.734375,485.9955403190043,0.8983002926638,0.0005092176088303579,5
MaxSatdNN,4.117126533400733,2208.896875,5972.928125,UNKNOWN,70288,14170788,12730651,0.8982792770592574,False,,4,vlsat2_70288_14170788.cnf,12729325.2,5130.41140650533,4.085877500008792,0.2411614921890227,2450.34375,649.0313812427644,6140.1875,515.4824062538183,0.8983728357237438,0.0003620413632964725,5
MaxSatdNN,0.293293441797141,78.78125,331.384375,UNKNOWN,708,10259,10206,0.9947948143093869,False,,4,vlsat2_708_10259_3.cnf,10205.6,0.5477225575051661,0.29372108296956867,0.0036552367334460644,78.71875,0.15229366163764005,331.3125,0.42998569198579156,0.9948338044643728,5.338946851593386e-05,5
MaxSatdNN,4.460366108606104,2198.953125,5985.434375,UNKNOWN,71816,14478832,13008493,0.8983022111175818,False,,4,vlsat2_71816_14478832.cnf,13006366.8,7864.633379884914,4.416107124998234,0.18137069212668272,2452.296875,523.594426220281,5978.109375,463.5457264949789,0.8984490599794237,0.0005431814789953311,5
MaxSatdNN,0.14052578320261092,80.390625,333.490625,UNKNOWN,736,11022,11002,0.9981854472872437,False,,4,vlsat2_736_11022_2.cnf,11002,0.0,0.14179320802213624,0.009354176593108767,80.625,2.178272950498858,333.640625,2.4082428841507038,0.9981854472872437,0.0,5
MaxSatdNN,1.0553007915965282,272.071875,584.54375,UNKNOWN,7452,334035,333937,0.9997066175700151,False,,4,vlsat2_7452_334035.cnf,333937,1.0,1.056247708038427,0.0060319899735449085,272.0,1.9856541153043246,584.5,1.882906506989261,0.9997066175700151,2.9936982651745936e-06,5
MaxSatdNN,0.1741484001860954,83.725,337.125,UNKNOWN,798,17543,17498,0.9974348743088411,False,,4,vlsat2_798_17543_3.cnf,17498,0.0,0.18054987501818687,0.015069221503441593,84.546875,2.565228159016757,338.171875,2.6797216652340965,0.9974348743088411,0.0,5
MaxSatdNN,6.670923191588372,1126.684375,6796.7125,UNKNOWN,83334,20350783,20350267,0.9999746250549671,False,,4,vlsat2_83334_20350783.cnf,20350266.6,1.6733200530681511,6.656001832976472,0.269585049392061,1178.453125,700.9254615237662,6830.640625,543.8444610389394,0.9999746447102306,8.222386596649692e-08,5
CP-SAT-MAXSAT,1.6576511000050231,1125.65,1735.24375,UNKNOWN,4424,545056,356878,0.660209593142723,False,1.0,4,vlsat2_4424_545056.cnf,359851.2,84215.5296290417,1.6557684169965796,0.009670424111620087,1127.03125,8.577759270436685,1733.375,14.27693110296292,0.6547547407972759,0.15450803152160825,5
Gurobi-MAXSAT,1.174842941586394,683.61875,1128.80625,FEASIBLE,4424,545056,544740,0.999420243057594,False,1.0,4,vlsat2_4424_545056.cnf,544740,0.0,1.1778970419545658,0.055276086561661913,682.953125,3.7038105905438794,1135.15625,12.049319831361332,0.999420243057594,0.0,5
CP-SAT-MAXSAT,1.190304708806798,1523.703125,1947.225,UNKNOWN,5152,824642,692749,0.8222528078851187,False,1.0,4,vlsat2_5152_824642.cnf,678064.2,127072.78657800812,1.1810660840128548,0.031890312299688944,1523.640625,0.434279440927728,1947.453125,0.39414043142958577,0.8400602928301009,0.15409448776318466,5
Gurobi-MAXSAT,1.1637420081882737,990.184375,1387.3625,FEASIBLE,5152,824642,824320,0.9996095275283092,False,1.0,4,vlsat2_5152_824642.cnf,824320,0.0,1.1639650409924798,0.0018608613006864112,991.734375,4.3092492276787615,1389.15625,3.5806043538853185,0.9996095275283092,0.0,5
CP-SAT-MAXSAT,1.5739958501886577,1944.33125,2385.746875,UNKNOWN,5600,1042700,859383,0.8044883475592213,False,1.0,4,vlsat2_5600_1042700.cnf,838840,99487.8869888189,1.5755313339759596,0.02340190107115573,1952.171875,17.271772802529203,2386.953125,4.5412255495832285,0.8241900834372302,0.09541372109793696,5
Gurobi-MAXSAT,1.236661133391317,1258.034375,1720.715625,FEASIBLE,5600,1042700,1042300,0.999616380550494,False,1.0,4,vlsat2_5600_1042700.cnf,1042300,0.0,1.2404418329824694,0.010837003201180159,1256.734375,6.148744234724884,1717.671875,5.650532331117131,0.999616380550494,0.0,5